Step,Event,Robot X,Robot Y,Heading,"Cell(0,0)","Cell(0,0)_N","Cell(0,0)_E","Cell(0,0)_S","Cell(0,0)_W","Cell(1,0)","Cell(1,0)_N","Cell(1,0)_E","Cell(1,0)_S","Cell(1,0)_W","Cell(2,0)","Cell(2,0)_N","Cell(2,0)_E","Cell(2,0)_S","Cell(2,0)_W","Cell(3,0)","Cell(3,0)_N","Cell(3,0)_E","Cell(3,0)_S","Cell(3,0)_W","Cell(0,1)","Cell(0,1)_N","Cell(0,1)_E","Cell(0,1)_S","Cell(0,1)_W","Cell(1,1)","Cell(1,1)_N","Cell(1,1)_E","Cell(1,1)_S","Cell(1,1)_W","Cell(2,1)","Cell(2,1)_N","Cell(2,1)_E","Cell(2,1)_S","Cell(2,1)_W","Cell(3,1)","Cell(3,1)_N","Cell(3,1)_E","Cell(3,1)_S","Cell(3,1)_W","Cell(0,2)","Cell(0,2)_N","Cell(0,2)_E","Cell(0,2)_S","Cell(0,2)_W","Cell(1,2)","Cell(1,2)_N","Cell(1,2)_E","Cell(1,2)_S","Cell(1,2)_W","Cell(2,2)","Cell(2,2)_N","Cell(2,2)_E","Cell(2,2)_S","Cell(2,2)_W","Cell(3,2)","Cell(3,2)_N","Cell(3,2)_E","Cell(3,2)_S","Cell(3,2)_W","Cell(0,3)","Cell(0,3)_N","Cell(0,3)_E","Cell(0,3)_S","Cell(0,3)_W","Cell(1,3)","Cell(1,3)_N","Cell(1,3)_E","Cell(1,3)_S","Cell(1,3)_W","Cell(2,3)","Cell(2,3)_N","Cell(2,3)_E","Cell(2,3)_S","Cell(2,3)_W","Cell(3,3)","Cell(3,3)_N","Cell(3,3)_E","Cell(3,3)_S","Cell(3,3)_W"
0,SMART_SCAN_0_0,0,0,NORTH,0.018,0.1,0.982,0.982,0.982,0.5,0.5,0.5,0.982,0.982,0.5,0.5,0.5,0.982,0.5,0.5,0.5,0.982,0.982,0.5,0.5,0.5,0.5,0.1,0.982,0.5,0.5,0.5,0.5,0.5,0.5,0.5,0.5,0.5,0.5,0.5,0.5,0.982,0.5,0.5,0.5,0.5,0.5,0.5,0.982,0.5,0.5,0.5,0.5,0.5,0.5,0.5,0.5,0.5,0.5,0.5,0.5,0.982,0.5,0.5,0.5,0.982,0.5,0.5,0.982,0.5,0.982,0.5,0.5,0.5,0.5,0.982,0.5,0.5,0.5,0.5,0.982,0.982,0.5,0.5
1,MOVE_TO_0_1,0,1,NORTH,0.018,0.1,0.982,0.982,0.982,0.5,0.5,0.5,0.982,0.982,0.5,0.5,0.5,0.982,0.5,0.5,0.5,0.982,0.982,0.5,0.5,0.5,0.5,0.1,0.982,0.5,0.5,0.5,0.5,0.5,0.5,0.5,0.5,0.5,0.5,0.5,0.5,0.982,0.5,0.5,0.5,0.5,0.5,0.5,0.982,0.5,0.5,0.5,0.5,0.5,0.5,0.5,0.5,0.5,0.5,0.5,0.5,0.982,0.5,0.5,0.5,0.982,0.5,0.5,0.982,0.5,0.982,0.5,0.5,0.5,0.5,0.982,0.5,0.5,0.5,0.5,0.982,0.982,0.5,0.5
1,SMART_SCAN_0_1,0,1,NORTH,0.018,0.1,0.982,0.982,0.982,0.5,0.5,0.5,0.982,0.982,0.5,0.5,0.5,0.982,0.5,0.5,0.5,0.982,0.982,0.5,0.05,0.1,0.982,0.1,0.982,0.5,0.5,0.5,0.5,0.982,0.5,0.5,0.5,0.5,0.5,0.5,0.5,0.982,0.5,0.5,0.5,0.5,0.5,0.1,0.982,0.5,0.5,0.5,0.5,0.5,0.5,0.5,0.5,0.5,0.5,0.5,0.5,0.982,0.5,0.5,0.5,0.982,0.5,0.5,0.982,0.5,0.982,0.5,0.5,0.5,0.5,0.982,0.5,0.5,0.5,0.5,0.982,0.982,0.5,0.5
2,MOVE_TO_0_2,0,2,NORTH,0.018,0.1,0.982,0.982,0.982,0.5,0.5,0.5,0.982,0.982,0.5,0.5,0.5,0.982,0.5,0.5,0.5,0.982,0.982,0.5,0.05,0.1,0.982,0.1,0.982,0.5,0.5,0.5,0.5,0.982,0.5,0.5,0.5,0.5,0.5,0.5,0.5,0.982,0.5,0.5,0.5,0.5,0.5,0.1,0.982,0.5,0.5,0.5,0.5,0.5,0.5,0.5,0.5,0.5,0.5,0.5,0.5,0.982,0.5,0.5,0.5,0.982,0.5,0.5,0.982,0.5,0.982,0.5,0.5,0.5,0.5,0.982,0.5,0.5,0.5,0.5,0.982,0.982,0.5,0.5
2,SMART_SCAN_0_2,0,2,NORTH,0.018,0.1,0.982,0.982,0.982,0.5,0.5,0.5,0.982,0.982,0.5,0.5,0.5,0.982,0.5,0.5,0.5,0.982,0.982,0.5,0.05,0.1,0.982,0.1,0.982,0.5,0.5,0.5,0.5,0.982,0.5,0.5,0.5,0.5,0.5,0.5,0.5,0.982,0.5,0.5,0.05,0.1,0.982,0.1,0.982,0.5,0.5,0.5,0.5,0.982,0.5,0.5,0.5,0.5,0.5,0.5,0.5,0.982,0.5,0.5,0.5,0.982,0.5,0.1,0.982,0.5,0.982,0.5,0.5,0.5,0.5,0.982,0.5,0.5,0.5,0.5,0.982,0.982,0.5,0.5
3,MOVE_TO_0_3,0,3,NORTH,0.018,0.1,0.982,0.982,0.982,0.5,0.5,0.5,0.982,0.982,0.5,0.5,0.5,0.982,0.5,0.5,0.5,0.982,0.982,0.5,0.05,0.1,0.982,0.1,0.982,0.5,0.5,0.5,0.5,0.982,0.5,0.5,0.5,0.5,0.5,0.5,0.5,0.982,0.5,0.5,0.05,0.1,0.982,0.1,0.982,0.5,0.5,0.5,0.5,0.982,0.5,0.5,0.5,0.5,0.5,0.5,0.5,0.982,0.5,0.5,0.5,0.982,0.5,0.1,0.982,0.5,0.982,0.5,0.5,0.5,0.5,0.982,0.5,0.5,0.5,0.5,0.982,0.982,0.5,0.5
3,SMART_SCAN_0_3,0,3,NORTH,0.018,0.1,0.982,0.982,0.982,0.5,0.5,0.5,0.982,0.982,0.5,0.5,0.5,0.982,0.5,0.5,0.5,0.982,0.982,0.5,0.05,0.1,0.982,0.1,0.982,0.5,0.5,0.5,0.5,0.982,0.5,0.5,0.5,0.5,0.5,0.5,0.5,0.982,0.5,0.5,0.05,0.1,0.982,0.1,0.982,0.5,0.5,0.5,0.5,0.982,0.5,0.5,0.5,0.5,0.5,0.5,0.5,0.982,0.5,0.5,0.05,0.982,0.1,0.1,0.982,0.5,0.982,0.5,0.5,0.1,0.5,0.982,0.5,0.5,0.5,0.5,0.982,0.982,0.5,0.5
4,MOVE_TO_1_3,1,3,EAST,0.018,0.1,0.982,0.982,0.982,0.5,0.5,0.5,0.982,0.982,0.5,0.5,0.5,0.982,0.5,0.5,0.5,0.982,0.982,0.5,0.05,0.1,0.982,0.1,0.982,0.5,0.5,0.5,0.5,0.982,0.5,0.5,0.5,0.5,0.5,0.5,0.5,0.982,0.5,0.5,0.05,0.1,0.982,0.1,0.982,0.5,0.5,0.5,0.5,0.982,0.5,0.5,0.5,0.5,0.5,0.5,0.5,0.982,0.5,0.5,0.05,0.982,0.1,0.1,0.982,0.5,0.982,0.5,0.5,0.1,0.5,0.982,0.5,0.5,0.5,0.5,0.982,0.982,0.5,0.5
4,SMART_SCAN_1_3,1,3,EAST,0.018,0.1,0.982,0.982,0.982,0.5,0.5,0.5,0.982,0.982,0.5,0.5,0.5,0.982,0.5,0.5,0.5,0.982,0.982,0.5,0.05,0.1,0.982,0.1,0.982,0.5,0.5,0.5,0.5,0.982,0.5,0.5,0.5,0.5,0.5,0.5,0.5,0.982,0.5,0.5,0.05,0.1,0.982,0.1,0.982,0.5,0.1,0.5,0.5,0.982,0.5,0.5,0.5,0.5,0.5,0.5,0.5,0.982,0.5,0.5,0.05,0.982,0.1,0.1,0.982,0.05,0.982,0.1,0.1,0.1,0.5,0.982,0.5,0.5,0.1,0.5,0.982,0.982,0.5,0.5
5,MOVE_TO_1_2,1,2,SOUTH,0.018,0.1,0.982,0.982,0.982,0.5,0.5,0.5,0.982,0.982,0.5,0.5,0.5,0.982,0.5,0.5,0.5,0.982,0.982,0.5,0.05,0.1,0.982,0.1,0.982,0.5,0.5,0.5,0.5,0.982,0.5,0.5,0.5,0.5,0.5,0.5,0.5,0.982,0.5,0.5,0.05,0.1,0.982,0.1,0.982,0.5,0.1,0.5,0.5,0.982,0.5,0.5,0.5,0.5,0.5,0.5,0.5,0.982,0.5,0.5,0.05,0.982,0.1,0.1,0.982,0.05,0.982,0.1,0.1,0.1,0.5,0.982,0.5,0.5,0.1,0.5,0.982,0.982,0.5,0.5
5,SMART_SCAN_1_2,1,2,SOUTH,0.018,0.1,0.982,0.982,0.982,0.5,0.5,0.5,0.982,0.982,0.5,0.5,0.5,0.982,0.5,0.5,0.5,0.982,0.982,0.5,0.05,0.1,0.982,0.1,0.982,0.5,0.982,0.5,0.5,0.982,0.5,0.5,0.5,0.5,0.5,0.5,0.5,0.982,0.5,0.5,0.05,0.1,0.982,0.1,0.982,0.05,0.1,0.1,0.982,0.982,0.5,0.5,0.5,0.5,0.1,0.5,0.5,0.982,0.5,0.5,0.05,0.982,0.1,0.1,0.982,0.05,0.982,0.1,0.1,0.1,0.5,0.982,0.5,0.5,0.1,0.5,0.982,0.982,0.5,0.5
6,MOVE_TO_2_2,2,2,EAST,0.018,0.1,0.982,0.982,0.982,0.5,0.5,0.5,0.982,0.982,0.5,0.5,0.5,0.982,0.5,0.5,0.5,0.982,0.982,0.5,0.05,0.1,0.982,0.1,0.982,0.5,0.982,0.5,0.5,0.982,0.5,0.5,0.5,0.5,0.5,0.5,0.5,0.982,0.5,0.5,0.05,0.1,0.982,0.1,0.982,0.05,0.1,0.1,0.982,0.982,0.5,0.5,0.5,0.5,0.1,0.5,0.5,0.982,0.5,0.5,0.05,0.982,0.1,0.1,0.982,0.05,0.982,0.1,0.1,0.1,0.5,0.982,0.5,0.5,0.1,0.5,0.982,0.982,0.5,0.5
6,SMART_SCAN_2_2,2,2,EAST,0.018,0.1,0.982,0.982,0.982,0.5,0.5,0.5,0.982,0.982,0.5,0.5,0.5,0.982,0.5,0.5,0.5,0.982,0.982,0.5,0.05,0.1,0.982,0.1,0.982,0.5,0.982,0.5,0.5,0.982,0.5,0.1,0.5,0.5,0.5,0.5,0.5,0.982,0.5,0.5,0.05,0.1,0.982,0.1,0.982,0.05,0.1,0.1,0.982,0.982,0.05,0.1,0.982,0.1,0.1,0.5,0.5,0.982,0.5,0.982,0.05,0.982,0.1,0.1,0.982,0.05,0.982,0.1,0.1,0.1,0.5,0.982,0.5,0.1,0.1,0.5,0.982,0.982,0.5,0.5
7,MOVE_TO_2_1,2,1,SOUTH,0.018,0.1,0.982,0.982,0.982,0.5,0.5,0.5,0.982,0.982,0.5,0.5,0.5,0.982,0.5,0.5,0.5,0.982,0.982,0.5,0.05,0.1,0.982,0.1,0.982,0.5,0.982,0.5,0.5,0.982,0.5,0.1,0.5,0.5,0.5,0.5,0.5,0.982,0.5,0.5,0.05,0.1,0.982,0.1,0.982,0.05,0.1,0.1,0.982,0.982,0.05,0.1,0.982,0.1,0.1,0.5,0.5,0.982,0.5,0.982,0.05,0.982,0.1,0.1,0.982,0.05,0.982,0.1,0.1,0.1,0.5,0.982,0.5,0.1,0.1,0.5,0.982,0.982,0.5,0.5
7,SMART_SCAN_2_1,2,1,SOUTH,0.018,0.1,0.982,0.982,0.982,0.5,0.5,0.5,0.982,0.982,0.5,0.1,0.5,0.982,0.5,0.5,0.5,0.982,0.982,0.5,0.05,0.1,0.982,0.1,0.982,0.5,0.982,0.982,0.5,0.982,0.05,0.1,0.1,0.1,0.982,0.5,0.5,0.982,0.5,0.1,0.05,0.1,0.982,0.1,0.982,0.05,0.1,0.1,0.982,0.982,0.05,0.1,0.982,0.1,0.1,0.5,0.5,0.982,0.5,0.982,0.05,0.982,0.1,0.1,0.982,0.05,0.982,0.1,0.1,0.1,0.5,0.982,0.5,0.1,0.1,0.5,0.982,0.982,0.5,0.5
8,MOVE_TO_2_0,2,0,SOUTH,0.018,0.1,0.982,0.982,0.982,0.5,0.5,0.5,0.982,0.982,0.5,0.1,0.5,0.982,0.5,0.5,0.5,0.982,0.982,0.5,0.05,0.1,0.982,0.1,0.982,0.5,0.982,0.982,0.5,0.982,0.05,0.1,0.1,0.1,0.982,0.5,0.5,0.982,0.5,0.1,0.05,0.1,0.982,0.1,0.982,0.05,0.1,0.1,0.982,0.982,0.05,0.1,0.982,0.1,0.1,0.5,0.5,0.982,0.5,0.982,0.05,0.982,0.1,0.1,0.982,0.05,0.982,0.1,0.1,0.1,0.5,0.982,0.5,0.1,0.1,0.5,0.982,0.982,0.5,0.5
8,SMART_SCAN_2_0,2,0,SOUTH,0.018,0.1,0.982,0.982,0.982,0.5,0.5,0.982,0.982,0.982,0.05,0.1,0.1,0.982,0.982,0.5,0.5,0.982,0.982,0.1,0.05,0.1,0.982,0.1,0.982,0.5,0.982,0.982,0.5,0.982,0.05,0.1,0.1,0.1,0.982,0.5,0.5,0.982,0.5,0.1,0.05,0.1,0.982,0.1,0.982,0.05,0.1,0.1,0.982,0.982,0.05,0.1,0.982,0.1,0.1,0.5,0.5,0.982,0.5,0.982,0.05,0.982,0.1,0.1,0.982,0.05,0.982,0.1,0.1,0.1,0.5,0.982,0.5,0.1,0.1,0.5,0.982,0.982,0.5,0.5
9,MOVE_TO_2_1,2,1,NORTH,0.018,0.1,0.982,0.982,0.982,0.5,0.5,0.982,0.982,0.982,0.05,0.1,0.1,0.982,0.982,0.5,0.5,0.982,0.982,0.1,0.05,0.1,0.982,0.1,0.982,0.5,0.982,0.982,0.5,0.982,0.05,0.1,0.1,0.1,0.982,0.5,0.5,0.982,0.5,0.1,0.05,0.1,0.982,0.1,0.982,0.05,0.1,0.1,0.982,0.982,0.05,0.1,0.982,0.1,0.1,0.5,0.5,0.982,0.5,0.982,0.05,0.982,0.1,0.1,0.982,0.05,0.982,0.1,0.1,0.1,0.5,0.982,0.5,0.1,0.1,0.5,0.982,0.982,0.5,0.5
9,SMART_SCAN_2_1,2,1,NORTH,0.018,0.1,0.982,0.982,0.982,0.5,0.5,0.982,0.982,0.982,0.05,0.1,0.1,0.982,0.982,0.5,0.5,0.982,0.982,0.1,0.05,0.1,0.982,0.1,0.982,0.5,0.982,0.982,0.5,0.982,0.018,0.1,0.1,0.1,0.982,0.5,0.5,0.982,0.5,0.1,0.05,0.1,0.982,0.1,0.982,0.05,0.1,0.1,0.982,0.982,0.05,0.1,0.982,0.1,0.1,0.5,0.5,0.982,0.5,0.982,0.05,0.982,0.1,0.1,0.982,0.05,0.982,0.1,0.1,0.1,0.5,0.982,0.5,0.1,0.1,0.5,0.982,0.982,0.5,0.5
10,MOVE_TO_3_1,3,1,EAST,0.018,0.1,0.982,0.982,0.982,0.5,0.5,0.982,0.982,0.982,0.05,0.1,0.1,0.982,0.982,0.5,0.5,0.982,0.982,0.1,0.05,0.1,0.982,0.1,0.982,0.5,0.982,0.982,0.5,0.982,0.018,0.1,0.1,0.1,0.982,0.5,0.5,0.982,0.5,0.1,0.05,0.1,0.982,0.1,0.982,0.05,0.1,0.1,0.982,0.982,0.05,0.1,0.982,0.1,0.1,0.5,0.5,0.982,0.5,0.982,0.05,0.982,0.1,0.1,0.982,0.05,0.982,0.1,0.1,0.1,0.5,0.982,0.5,0.1,0.1,0.5,0.982,0.982,0.5,0.5
10,SMART_SCAN_3_1,3,1,EAST,0.018,0.1,0.982,0.982,0.982,0.5,0.5,0.982,0.982,0.982,0.05,0.1,0.1,0.982,0.982,0.5,0.982,0.982,0.982,0.1,0.05,0.1,0.982,0.1,0.982,0.5,0.982,0.982,0.5,0.982,0.018,0.1,0.1,0.1,0.982,0.05,0.1,0.982,0.982,0.1,0.05,0.1,0.982,0.1,0.982,0.05,0.1,0.1,0.982,0.982,0.05,0.1,0.982,0.1,0.1,0.5,0.5,0.982,0.1,0.982,0.05,0.982,0.1,0.1,0.982,0.05,0.982,0.1,0.1,0.1,0.5,0.982,0.5,0.1,0.1,0.5,0.982,0.982,0.5,0.5
11,MOVE_TO_3_2,3,2,NORTH,0.018,0.1,0.982,0.982,0.982,0.5,0.5,0.982,0.982,0.982,0.05,0.1,0.1,0.982,0.982,0.5,0.982,0.982,0.982,0.1,0.05,0.1,0.982,0.1,0.982,0.5,0.982,0.982,0.5,0.982,0.018,0.1,0.1,0.1,0.982,0.05,0.1,0.982,0.982,0.1,0.05,0.1,0.982,0.1,0.982,0.05,0.1,0.1,0.982,0.982,0.05,0.1,0.982,0.1,0.1,0.5,0.5,0.982,0.1,0.982,0.05,0.982,0.1,0.1,0.982,0.05,0.982,0.1,0.1,0.1,0.5,0.982,0.5,0.1,0.1,0.5,0.982,0.982,0.5,0.5
11,SMART_SCAN_3_2,3,2,NORTH,0.018,0.1,0.982,0.982,0.982,0.5,0.5,0.982,0.982,0.982,0.05,0.1,0.1,0.982,0.982,0.5,0.982,0.982,0.982,0.1,0.05,0.1,0.982,0.1,0.982,0.5,0.982,0.982,0.5,0.982,0.018,0.1,0.1,0.1,0.982,0.05,0.1,0.982,0.982,0.1,0.05,0.1,0.982,0.1,0.982,0.05,0.1,0.1,0.982,0.982,0.05,0.1,0.982,0.1,0.1,0.05,0.982,0.982,0.1,0.982,0.05,0.982,0.1,0.1,0.982,0.05,0.982,0.1,0.1,0.1,0.5,0.982,0.5,0.1,0.1,0.5,0.982,0.982,0.982,0.5
12,MOVE_TO_3_1,3,1,SOUTH,0.018,0.1,0.982,0.982,0.982,0.5,0.5,0.982,0.982,0.982,0.05,0.1,0.1,0.982,0.982,0.5,0.982,0.982,0.982,0.1,0.05,0.1,0.982,0.1,0.982,0.5,0.982,0.982,0.5,0.982,0.018,0.1,0.1,0.1,0.982,0.05,0.1,0.982,0.982,0.1,0.05,0.1,0.982,0.1,0.982,0.05,0.1,0.1,0.982,0.982,0.05,0.1,0.982,0.1,0.1,0.05,0.982,0.982,0.1,0.982,0.05,0.982,0.1,0.1,0.982,0.05,0.982,0.1,0.1,0.1,0.5,0.982,0.5,0.1,0.1,0.5,0.982,0.982,0.982,0.5
12,SMART_SCAN_3_1,3,1,SOUTH,0.018,0.1,0.982,0.982,0.982,0.5,0.5,0.982,0.982,0.982,0.05,0.1,0.1,0.982,0.982,0.5,0.982,0.982,0.982,0.1,0.05,0.1,0.982,0.1,0.982,0.5,0.982,0.982,0.5,0.982,0.018,0.1,0.1,0.1,0.982,0.018,0.1,0.982,0.982,0.1,0.05,0.1,0.982,0.1,0.982,0.05,0.1,0.1,0.982,0.982,0.05,0.1,0.982,0.1,0.1,0.05,0.982,0.982,0.1,0.982,0.05,0.982,0.1,0.1,0.982,0.05,0.982,0.1,0.1,0.1,0.5,0.982,0.5,0.1,0.1,0.5,0.982,0.982,0.982,0.5
13,MOVE_TO_2_1,2,1,WEST,0.018,0.1,0.982,0.982,0.982,0.5,0.5,0.982,0.982,0.982,0.05,0.1,0.1,0.982,0.982,0.5,0.982,0.982,0.982,0.1,0.05,0.1,0.982,0.1,0.982,0.5,0.982,0.982,0.5,0.982,0.018,0.1,0.1,0.1,0.982,0.018,0.1,0.982,0.982,0.1,0.05,0.1,0.982,0.1,0.982,0.05,0.1,0.1,0.982,0.982,0.05,0.1,0.982,0.1,0.1,0.05,0.982,0.982,0.1,0.982,0.05,0.982,0.1,0.1,0.982,0.05,0.982,0.1,0.1,0.1,0.5,0.982,0.5,0.1,0.1,0.5,0.982,0.982,0.982,0.5
13,SMART_SCAN_2_1,2,1,WEST,0.018,0.1,0.982,0.982,0.982,0.5,0.5,0.982,0.982,0.982,0.05,0.1,0.1,0.982,0.982,0.5,0.982,0.982,0.982,0.1,0.05,0.1,0.982,0.1,0.982,0.5,0.982,0.982,0.5,0.982,0.018,0.1,0.1,0.1,0.982,0.018,0.1,0.982,0.982,0.1,0.05,0.1,0.982,0.1,0.982,0.05,0.1,0.1,0.982,0.982,0.05,0.1,0.982,0.1,0.1,0.05,0.982,0.982,0.1,0.982,0.05,0.982,0.1,0.1,0.982,0.05,0.982,0.1,0.1,0.1,0.5,0.982,0.5,0.1,0.1,0.5,0.982,0.982,0.982,0.5
14,MOVE_TO_2_2,2,2,NORTH,0.018,0.1,0.982,0.982,0.982,0.5,0.5,0.982,0.982,0.982,0.05,0.1,0.1,0.982,0.982,0.5,0.982,0.982,0.982,0.1,0.05,0.1,0.982,0.1,0.982,0.5,0.982,0.982,0.5,0.982,0.018,0.1,0.1,0.1,0.982,0.018,0.1,0.982,0.982,0.1,0.05,0.1,0.982,0.1,0.982,0.05,0.1,0.1,0.982,0.982,0.05,0.1,0.982,0.1,0.1,0.05,0.982,0.982,0.1,0.982,0.05,0.982,0.1,0.1,0.982,0.05,0.982,0.1,0.1,0.1,0.5,0.982,0.5,0.1,0.1,0.5,0.982,0.982,0.982,0.5
14,SMART_SCAN_2_2,2,2,NORTH,0.018,0.1,0.982,0.982,0.982,0.5,0.5,0.982,0.982,0.982,0.05,0.1,0.1,0.982,0.982,0.5,0.982,0.982,0.982,0.1,0.05,0.1,0.982,0.1,0.982,0.5,0.982,0.982,0.5,0.982,0.018,0.1,0.1,0.1,0.982,0.018,0.1,0.982,0.982,0.1,0.05,0.1,0.982,0.1,0.982,0.05,0.1,0.1,0.982,0.982,0.018,0.1,0.982,0.1,0.1,0.05,0.982,0.982,0.1,0.982,0.05,0.982,0.1,0.1,0.982,0.05,0.982,0.1,0.1,0.1,0.5,0.982,0.5,0.1,0.1,0.5,0.982,0.982,0.982,0.5
15,MOVE_TO_2_3,2,3,NORTH,0.018,0.1,0.982,0.982,0.982,0.5,0.5,0.982,0.982,0.982,0.05,0.1,0.1,0.982,0.982,0.5,0.982,0.982,0.982,0.1,0.05,0.1,0.982,0.1,0.982,0.5,0.982,0.982,0.5,0.982,0.018,0.1,0.1,0.1,0.982,0.018,0.1,0.982,0.982,0.1,0.05,0.1,0.982,0.1,0.982,0.05,0.1,0.1,0.982,0.982,0.018,0.1,0.982,0.1,0.1,0.05,0.982,0.982,0.1,0.982,0.05,0.982,0.1,0.1,0.982,0.05,0.982,0.1,0.1,0.1,0.5,0.982,0.5,0.1,0.1,0.5,0.982,0.982,0.982,0.5
15,SMART_SCAN_2_3,2,3,NORTH,0.018,0.1,0.982,0.982,0.982,0.5,0.5,0.982,0.982,0.982,0.05,0.1,0.1,0.982,0.982,0.5,0.982,0.982,0.982,0.1,0.05,0.1,0.982,0.1,0.982,0.5,0.982,0.982,0.5,0.982,0.018,0.1,0.1,0.1,0.982,0.018,0.1,0.982,0.982,0.1,0.05,0.1,0.982,0.1,0.982,0.05,0.1,0.1,0.982,0.982,0.018,0.1,0.982,0.1,0.1,0.05,0.982,0.982,0.1,0.982,0.05,0.982,0.1,0.1,0.982,0.05,0.982,0.1,0.1,0.1,0.05,0.982,0.1,0.1,0.1,0.5,0.982,0.982,0.982,0.1
16,MOVE_TO_3_3,3,3,EAST,0.018,0.1,0.982,0.982,0.982,0.5,0.5,0.982,0.982,0.982,0.05,0.1,0.1,0.982,0.982,0.5,0.982,0.982,0.982,0.1,0.05,0.1,0.982,0.1,0.982,0.5,0.982,0.982,0.5,0.982,0.018,0.1,0.1,0.1,0.982,0.018,0.1,0.982,0.982,0.1,0.05,0.1,0.982,0.1,0.982,0.05,0.1,0.1,0.982,0.982,0.018,0.1,0.982,0.1,0.1,0.05,0.982,0.982,0.1,0.982,0.05,0.982,0.1,0.1,0.982,0.05,0.982,0.1,0.1,0.1,0.05,0.982,0.1,0.1,0.1,0.5,0.982,0.982,0.982,0.1
16,SMART_SCAN_3_3,3,3,EAST,0.018,0.1,0.982,0.982,0.982,0.5,0.5,0.982,0.982,0.982,0.05,0.1,0.1,0.982,0.982,0.5,0.982,0.982,0.982,0.1,0.05,0.1,0.982,0.1,0.982,0.5,0.982,0.982,0.5,0.982,0.018,0.1,0.1,0.1,0.982,0.018,0.1,0.982,0.982,0.1,0.05,0.1,0.982,0.1,0.982,0.05,0.1,0.1,0.982,0.982,0.018,0.1,0.982,0.1,0.1,0.05,0.982,0.982,0.1,0.982,0.05,0.982,0.1,0.1,0.982,0.05,0.982,0.1,0.1,0.1,0.05,0.982,0.1,0.1,0.1,0.05,0.982,0.982,0.982,0.1
17,MOVE_TO_2_3,2,3,WEST,0.018,0.1,0.982,0.982,0.982,0.5,0.5,0.982,0.982,0.982,0.05,0.1,0.1,0.982,0.982,0.5,0.982,0.982,0.982,0.1,0.05,0.1,0.982,0.1,0.982,0.5,0.982,0.982,0.5,0.982,0.018,0.1,0.1,0.1,0.982,0.018,0.1,0.982,0.982,0.1,0.05,0.1,0.982,0.1,0.982,0.05,0.1,0.1,0.982,0.982,0.018,0.1,0.982,0.1,0.1,0.05,0.982,0.982,0.1,0.982,0.05,0.982,0.1,0.1,0.982,0.05,0.982,0.1,0.1,0.1,0.05,0.982,0.1,0.1,0.1,0.05,0.982,0.982,0.982,0.1
17,SMART_SCAN_2_3,2,3,WEST,0.018,0.1,0.982,0.982,0.982,0.5,0.5,0.982,0.982,0.982,0.05,0.1,0.1,0.982,0.982,0.5,0.982,0.982,0.982,0.1,0.05,0.1,0.982,0.1,0.982,0.5,0.982,0.982,0.5,0.982,0.018,0.1,0.1,0.1,0.982,0.018,0.1,0.982,0.982,0.1,0.05,0.1,0.982,0.1,0.982,0.05,0.1,0.1,0.982,0.982,0.018,0.1,0.982,0.1,0.1,0.05,0.982,0.982,0.1,0.982,0.05,0.982,0.1,0.1,0.982,0.05,0.982,0.1,0.1,0.1,0.018,0.982,0.1,0.1,0.1,0.05,0.982,0.982,0.982,0.1
18,MOVE_TO_2_2,2,2,SOUTH,0.018,0.1,0.982,0.982,0.982,0.5,0.5,0.982,0.982,0.982,0.05,0.1,0.1,0.982,0.982,0.5,0.982,0.982,0.982,0.1,0.05,0.1,0.982,0.1,0.982,0.5,0.982,0.982,0.5,0.982,0.018,0.1,0.1,0.1,0.982,0.018,0.1,0.982,0.982,0.1,0.05,0.1,0.982,0.1,0.982,0.05,0.1,0.1,0.982,0.982,0.018,0.1,0.982,0.1,0.1,0.05,0.982,0.982,0.1,0.982,0.05,0.982,0.1,0.1,0.982,0.05,0.982,0.1,0.1,0.1,0.018,0.982,0.1,0.1,0.1,0.05,0.982,0.982,0.982,0.1
18,SMART_SCAN_2_2,2,2,SOUTH,0.018,0.1,0.982,0.982,0.982,0.5,0.5,0.982,0.982,0.982,0.05,0.1,0.1,0.982,0.982,0.5,0.982,0.982,0.982,0.1,0.05,0.1,0.982,0.1,0.982,0.5,0.982,0.982,0.5,0.982,0.018,0.1,0.1,0.1,0.982,0.018,0.1,0.982,0.982,0.1,0.05,0.1,0.982,0.1,0.982,0.05,0.1,0.1,0.982,0.982,0.018,0.1,0.982,0.1,0.1,0.05,0.982,0.982,0.1,0.982,0.05,0.982,0.1,0.1,0.982,0.05,0.982,0.1,0.1,0.1,0.018,0.982,0.1,0.1,0.1,0.05,0.982,0.982,0.982,0.1
19,MOVE_TO_2_1,2,1,SOUTH,0.018,0.1,0.982,0.982,0.982,0.5,0.5,0.982,0.982,0.982,0.05,0.1,0.1,0.982,0.982,0.5,0.982,0.982,0.982,0.1,0.05,0.1,0.982,0.1,0.982,0.5,0.982,0.982,0.5,0.982,0.018,0.1,0.1,0.1,0.982,0.018,0.1,0.982,0.982,0.1,0.05,0.1,0.982,0.1,0.982,0.05,0.1,0.1,0.982,0.982,0.018,0.1,0.982,0.1,0.1,0.05,0.982,0.982,0.1,0.982,0.05,0.982,0.1,0.1,0.982,0.05,0.982,0.1,0.1,0.1,0.018,0.982,0.1,0.1,0.1,0.05,0.982,0.982,0.982,0.1
19,SMART_SCAN_2_1,2,1,SOUTH,0.018,0.1,0.982,0.982,0.982,0.5,0.5,0.982,0.982,0.982,0.05,0.1,0.1,0.982,0.982,0.5,0.982,0.982,0.982,0.1,0.05,0.1,0.982,0.1,0.982,0.5,0.982,0.982,0.5,0.982,0.018,0.1,0.1,0.1,0.982,0.018,0.1,0.982,0.982,0.1,0.05,0.1,0.982,0.1,0.982,0.05,0.1,0.1,0.982,0.982,0.018,0.1,0.982,0.1,0.1,0.05,0.982,0.982,0.1,0.982,0.05,0.982,0.1,0.1,0.982,0.05,0.982,0.1,0.1,0.1,0.018,0.982,0.1,0.1,0.1,0.05,0.982,0.982,0.982,0.1
20,MOVE_TO_2_0,2,0,SOUTH,0.018,0.1,0.982,0.982,0.982,0.5,0.5,0.982,0.982,0.982,0.05,0.1,0.1,0.982,0.982,0.5,0.982,0.982,0.982,0.1,0.05,0.1,0.982,0.1,0.982,0.5,0.982,0.982,0.5,0.982,0.018,0.1,0.1,0.1,0.982,0.018,0.1,0.982,0.982,0.1,0.05,0.1,0.982,0.1,0.982,0.05,0.1,0.1,0.982,0.982,0.018,0.1,0.982,0.1,0.1,0.05,0.982,0.982,0.1,0.982,0.05,0.982,0.1,0.1,0.982,0.05,0.982,0.1,0.1,0.1,0.018,0.982,0.1,0.1,0.1,0.05,0.982,0.982,0.982,0.1
20,SMART_SCAN_2_0,2,0,SOUTH,0.018,0.1,0.982,0.982,0.982,0.5,0.5,0.982,0.982,0.982,0.018,0.1,0.1,0.982,0.982,0.5,0.982,0.982,0.982,0.1,0.05,0.1,0.982,0.1,0.982,0.5,0.982,0.982,0.5,0.982,0.018,0.1,0.1,0.1,0.982,0.018,0.1,0.982,0.982,0.1,0.05,0.1,0.982,0.1,0.982,0.05,0.1,0.1,0.982,0.982,0.018,0.1,0.982,0.1,0.1,0.05,0.982,0.982,0.1,0.982,0.05,0.982,0.1,0.1,0.982,0.05,0.982,0.1,0.1,0.1,0.018,0.982,0.1,0.1,0.1,0.05,0.982,0.982,0.982,0.1
21,MOVE_TO_3_0,3,0,EAST,0.018,0.1,0.982,0.982,0.982,0.5,0.5,0.982,0.982,0.982,0.018,0.1,0.1,0.982,0.982,0.5,0.982,0.982,0.982,0.1,0.05,0.1,0.982,0.1,0.982,0.5,0.982,0.982,0.5,0.982,0.018,0.1,0.1,0.1,0.982,0.018,0.1,0.982,0.982,0.1,0.05,0.1,0.982,0.1,0.982,0.05,0.1,0.1,0.982,0.982,0.018,0.1,0.982,0.1,0.1,0.05,0.982,0.982,0.1,0.982,0.05,0.982,0.1,0.1,0.982,0.05,0.982,0.1,0.1,0.1,0.018,0.982,0.1,0.1,0.1,0.05,0.982,0.982,0.982,0.1
21,SMART_SCAN_3_0,3,0,EAST,0.018,0.1,0.982,0.982,0.982,0.5,0.5,0.982,0.982,0.982,0.018,0.1,0.1,0.982,0.982,0.05,0.982,0.982,0.982,0.1,0.05,0.1,0.982,0.1,0.982,0.5,0.982,0.982,0.5,0.982,0.018,0.1,0.1,0.1,0.982,0.018,0.1,0.982,0.982,0.1,0.05,0.1,0.982,0.1,0.982,0.05,0.1,0.1,0.982,0.982,0.018,0.1,0.982,0.1,0.1,0.05,0.982,0.982,0.1,0.982,0.05,0.982,0.1,0.1,0.982,0.05,0.982,0.1,0.1,0.1,0.018,0.982,0.1,0.1,0.1,0.05,0.982,0.982,0.982,0.1
